Mon,SpT,Tspot,Teff,Feq(%),Flag,Class,umed,rmed,uamp,ramp,urms,rrms,slope,e_slope,_RA,_DE
57,M3,2697.3763193699565,3357.3763193699565,25.0,*,w,20.23,16.0,0.385,0.308,0.12,0.1,3.2,0.9,100.26641,9.9693
78,M3,3697.3763193699565,3357.3763193699565,10.0,*,w,22.14,18.09,0.315,0.134,0.09,0.04,0.5,0.3,100.25272,10.03735
80,M3,5597.376319369956,3357.3763193699565,1.0,*,c,21.86,17.94,0.494,0.077,0.13,0.019,0.11,0.05,100.32481,10.06726
90,M3,3397.3763193699565,3357.3763193699565,59.0,*,c,20.44,16.72,0.664,0.371,0.16,0.1,1.22,0.1,100.28733,9.5628
102,M3,2497.3763193699565,3357.3763193699565,13.0,*,w,21.1,16.86,0.121,0.094,0.04,0.02,0.7,0.3,100.18014,9.52084
112,M3,3297.3763193699565,3357.3763193699565,13.0,*,w,21.9,17.8,0.267,0.134,0.07,0.04,0.8,0.4,100.21377,9.61086
120,M3,3927.3763193699565,3357.3763193699565,17.0,*,c,19.38,16.52,0.792,0.354,0.24,0.1,0.548,0.015,100.32965,9.44151
153,M3,5557.376319369956,3357.3763193699565,6.1,*,c,20.57,17.5,2.534,0.841,0.8,0.26,0.478,0.01,100.2496,9.78459
192,M3,4297.376319369956,3357.3763193699565,3.0,*,c,21.09,16.83,0.332,0.14,0.14,0.03,0.48,0.1,100.20836,9.74849
294,M3,6497.376319369956,3357.3763193699565,0.3,*,w,22.13,17.63,0.674,0.069,0.15,0.017,0.14,0.05,100.2682,9.45851
309,M3,3897.3763193699565,3357.3763193699565,18.0,*,c,22.28,18.26,0.581,0.254,0.16,0.07,0.6,0.2,100.35076,9.80859
314,M3,4397.376319369956,3357.3763193699565,5.2,*,c,20.52,17.56,0.826,0.279,0.24,0.06,0.4,0.03,100.18576,9.54063
339,M3,3397.3763193699565,3357.3763193699565,13.0,*,w,20.96,16.76,0.186,0.089,0.04,0.02,0.7,0.3,100.39309,9.43151
358,M3,6197.376319369956,3357.3763193699565,0.6,*,c,20.85,17.57,1.169,0.178,0.35,0.05,0.165,0.012,100.27804,9.791
609,M3,2997.3763193699565,3357.3763193699565,34.0,*,w,20.99,16.82,0.378,0.239,0.08,0.07,1.5,0.4,100.41502,9.55554
612,M3,3397.3763193699565,3357.3763193699565,37.0,*,w,20.81,16.54,0.405,0.224,0.1,0.06,1.06,0.17,100.24251,9.92905
615,M3,4397.376319369956,3357.3763193699565,3.0,*,c,21.03,18.47,0.53,0.162,0.12,0.04,0.53,0.13,100.20827,9.85354
625,M3,4607.376319369956,3357.3763193699565,5.6,*,c,21.0,17.73,1.104,0.35,0.35,0.1,0.37,0.02,100.23048,9.66641
628,M3,4897.376319369956,3357.3763193699565,6.6,*,c,21.09,17.93,1.722,0.564,0.58,0.22,0.49,0.02,100.28448,9.50635
657,M3,3877.3763193699565,3357.3763193699565,7.0,*,w,19.36,15.03,0.303,0.123,0.16,0.03,0.38,0.03,100.32379,9.49061
665,M3,3597.3763193699565,3357.3763193699565,12.0,*,w,20.01,15.86,0.14,0.068,0.06,0.02,0.9,0.4,100.27473,9.45484
687,M3,4297.376319369956,3357.3763193699565,14.0,*,c,22.46,18.59,1.112,0.429,0.57,0.15,0.73,0.18,100.23994,9.9702
698,M3,4597.376319369956,3357.3763193699565,5.0,*,c,22.4,18.28,0.438,0.116,0.09,0.03,0.5,0.3,100.31308,9.50472
705,M3,2897.3763193699565,3357.3763193699565,18.0,*,w,21.04,16.88,0.176,0.115,0.04,0.03,0.8,0.3,100.29283,9.55698
742,M3,3697.3763193699565,3357.3763193699565,47.0,*,c,20.97,18.61,0.847,0.453,0.14,0.11,0.89,0.09,100.21308,9.84388
761,M3,4697.376319369956,3357.3763193699565,2.0,*,c,21.96,17.94,0.374,0.093,0.08,0.02,0.24,0.09,100.41407,9.5437
782,M3,4397.376319369956,3357.3763193699565,19.0,*,c,20.86,18.62,1.676,0.71,0.41,0.17,0.59,0.03,100.22606,9.92616
786,M3,2897.3763193699565,3357.3763193699565,19.0,*,w,20.81,16.7,0.178,0.119,0.04,0.03,1.1,0.5,100.34603,9.72407
823,M3,3597.3763193699565,3357.3763193699565,15.0,*,c,21.18,17.06,0.223,0.106,0.05,0.03,0.57,0.15,100.20891,9.95111
893,M3,4067.3763193699565,3357.3763193699565,7.0,*,c,19.47,17.01,0.536,0.199,0.13,0.05,0.57,0.04,100.26904,9.6419
899,M3,4997.376319369956,3357.3763193699565,1.4,*,c,21.46,18.12,0.732,0.16,0.22,0.04,0.2,0.04,100.42451,9.3245
900,M3,3697.3763193699565,3357.3763193699565,39.0,*,c,20.1,18.66,0.735,0.383,0.19,0.12,0.85,0.1,100.51346,9.6471
933,M3,2197.3763193699565,3357.3763193699565,33.0,*,w,21.73,17.32,0.594,0.54,0.19,0.16,2.0,0.6,100.27312,9.52795
938,M3,3497.3763193699565,3357.3763193699565,12.0,*,w,21.79,17.56,0.278,0.123,0.06,0.03,0.5,0.3,100.17633,9.57363
941,M3,2397.3763193699565,3357.3763193699565,23.0,*,w,21.02,16.83,0.356,0.304,0.11,0.1,2.7,1.2,100.36975,9.453
1017,M3,5587.376319369956,3357.3763193699565,2.0,*,c,20.62,16.75,1.558,0.35,0.31,0.07,0.34,0.013,100.09888,9.9233
1021,M3,2597.3763193699565,3357.3763193699565,21.0,*,w,22.0,17.7,0.281,0.202,0.08,0.06,0.7,0.3,100.11699,9.59271
1030,M3,4297.376319369956,3357.3763193699565,4.0,*,w,21.47,17.32,0.258,0.075,0.06,0.02,0.36,0.17,100.03701,9.56951
1048,M3,4597.376319369956,3357.3763193699565,2.0,*,c,20.29,16.89,0.223,0.065,0.06,0.015,0.39,0.08,100.01113,9.59008
1092,M3,3097.3763193699565,3357.3763193699565,14.0,*,w,20.84,16.7,0.146,0.083,0.04,0.02,1.4,0.8,100.16117,9.61583
1138,M3,2797.3763193699565,3357.3763193699565,18.0,*,w,21.71,17.51,0.238,0.152,0.06,0.04,1.2,0.5,100.1396,9.58295
1166,M3,5097.376319369956,3357.3763193699565,3.6,*,c,20.87,17.97,1.513,0.416,0.36,0.1,0.356,0.019,99.99145,9.68463
1167,M3,2797.3763193699565,3357.3763193699565,20.0,*,c,20.11,16.14,0.267,0.22,0.07,0.06,0.84,0.06,100.15776,9.58169
1224,M3,4097.376319369956,3357.3763193699565,8.0,*,c,21.52,18.78,0.482,0.176,0.22,0.07,0.7,0.3,100.06953,9.67295
1249,M3,4597.376319369956,3357.3763193699565,1.0,*,c,19.31,15.76,0.262,0.059,0.07,0.014,0.2,0.02,100.08447,9.93512
1265,M3,2497.3763193699565,3357.3763193699565,26.0,*,w,21.74,17.54,0.346,0.26,0.09,0.1,2.2,1.1,100.04536,9.6687
1280,M3,4237.376319369956,3357.3763193699565,10.0,*,c,20.63,17.73,0.927,0.327,0.28,0.11,0.5,0.03,99.91768,9.30604
1287,M3,4277.376319369956,3357.3763193699565,9.0,*,c,19.43,17.3,0.968,0.36,0.24,0.1,0.62,0.03,100.04628,9.35754
1359,M3,3797.3763193699565,3357.3763193699565,12.0,*,w,22.59,17.37,0.426,0.171,0.11,0.06,0.6,0.4,100.27633,9.49191
1612,M3,5057.376319369956,3357.3763193699565,1.8,*,c,19.27,16.22,0.897,0.175,0.24,0.05,0.245,0.009,100.24791,9.49769
6398,M3,2797.3763193699565,3357.3763193699565,18.0,*,c,21.59,17.62,0.218,0.138,0.06,0.04,1.2,0.5,99.81027,9.61444
594,M3:,4027.3763193699565,3357.3763193699565,4.0,*,w,22.03,17.95,0.29,0.106,0.07,0.03,0.5,0.3,100.36376,9.53514
63,M2.5,6397.678542884993,3427.678542884992,0.89,*,c,20.15,17.24,1.434,0.249,0.43,0.08,0.188,0.009,100.29972,9.99479
117,M2.5,4317.678542884993,3427.678542884992,10.4,*,c,18.91,16.8,0.951,0.423,0.28,0.12,0.629,0.019,100.22554,9.81206
212,M2.5,4497.678542884993,3427.678542884992,4.0,*,c,21.25,16.92,0.527,0.175,0.13,0.05,0.44,0.06,100.3263,9.73522
279,M2.5,2497.678542884992,3427.678542884992,21.0,*,c,21.2,16.98,0.257,0.218,0.07,0.07,1.4,0.5,100.33829,9.53739
311,M2.5,3097.678542884992,3427.678542884992,37.0,*,w,21.14,16.95,0.451,0.311,0.11,0.1,2.0,0.7,100.48245,9.66611
340,M2.5,5697.678542884993,3427.678542884992,0.2,*,c,20.3,16.24,0.239,0.032,0.06,0.008,0.1,0.03,100.48304,9.67968
347,M2.5,5357.678542884993,3427.678542884992,4.0,*,c,20.55,17.31,1.669,0.472,0.44,0.13,0.346,0.012,100.2685,9.61204
383,M2.5,2497.678542884992,3427.678542884992,25.0,*,w,21.3,17.15,0.301,0.168,0.08,0.06,0.9,0.3,100.23242,9.67172
423,M2.5,4597.678542884993,3427.678542884992,6.0,*,c,21.56,18.87,1.0,0.339,0.26,0.1,0.47,0.06,100.31191,9.43198
434,M2.5,1797.678542884992,3427.678542884992,13.0,*,c,20.2,16.03,0.195,0.185,0.05,0.06,2.1,0.7,100.26693,9.5892
452,M2.5,4197.678542884993,3427.678542884992,17.0,*,c,19.1,17.51,1.067,0.462,0.32,0.13,0.54,0.02,100.25667,9.62465
482,M2.5,4397.678542884993,3427.678542884992,5.0,*,c,21.4,18.71,0.694,0.231,0.19,0.07,0.37,0.06,100.19453,9.66707
750,M2.5,6397.678542884993,3427.678542884992,0.4,*,c,22.01,17.7,0.831,0.111,0.32,0.03,0.32,0.13,100.32659,9.52487
796,M2.5,4597.678542884993,3427.678542884992,1.5,*,w,20.61,16.36,0.299,0.077,0.07,0.02,0.43,0.09,100.24104,9.85248
860,M2.5,5997.678542884993,3427.678542884992,1.9,*,c,20.53,17.23,1.684,0.381,0.44,0.1,0.292,0.01,100.47887,9.71463
869,M2.5,3697.678542884992,3427.678542884992,26.0,*,w,21.08,16.8,0.38,0.191,0.06,0.06,1.2,0.4,100.2394,9.48983
910,M2.5,3197.678542884992,3427.678542884992,28.0,*,w,21.63,17.47,0.343,0.204,0.09,0.06,0.9,0.3,100.19968,9.55085
920,M2.5,2597.678542884992,3427.678542884992,12.0,*,w,21.17,16.85,0.129,0.094,0.03,0.03,1.2,0.6,100.37021,9.58169
1005,M2.5,3297.678542884992,3427.678542884992,14.0,*,w,20.53,16.35,0.141,0.077,0.04,0.02,0.9,0.4,100.02175,9.84904
1027,M2.5,2397.678542884992,3427.678542884992,19.0,*,w,20.72,16.49,0.277,0.243,0.08,0.07,1.02,0.14,100.15499,9.51942
1128,M2.5,3997.678542884992,3427.678542884992,10.0,*,c,20.08,18.26,0.455,0.195,0.13,0.05,0.58,0.07,100.07417,9.42996
1251,M2.5,3197.678542884992,3427.678542884992,30.0,*,w,20.54,16.3,0.269,0.174,0.07,0.05,0.98,0.14,100.13261,9.60018
1314,M2.5,2197.678542884992,3427.678542884992,19.0,*,w,21.24,17.11,0.248,0.213,0.06,0.07,1.8,1.1,100.02837,9.41057
5009,M2.5,3697.678542884992,3427.678542884992,20.0,*,c,21.68,17.28,0.448,0.206,0.12,0.06,0.9,0.4,100.54131,9.79834
1238,M1:,3119.4509479403805,3499.4509479403805,26.0,*,w,21.68,17.7,0.335,0.207,0.09,0.06,1.1,0.5,99.9629,9.60916
55,M2,4079.4509479403805,3499.4509479403805,10.0,*,w,20.54,16.47,0.419,0.176,0.08,0.04,0.74,0.11,100.39549,10.0298
137,M2,5299.4509479403805,3499.4509479403805,2.7,*,c,20.44,16.77,0.909,0.248,0.27,0.06,0.369,0.017,100.19635,9.70215
142,M2,4299.4509479403805,3499.4509479403805,7.0,*,w,21.58,17.35,0.425,0.157,0.11,0.05,0.58,0.17,100.18667,9.82994
160,M2,4129.4509479403805,3499.4509479403805,10.0,*,w,20.27,16.22,0.519,0.201,0.14,0.06,0.94,0.11,100.2493,9.86359
176,M2,3299.4509479403805,3499.4509479403805,39.0,*,w,20.86,16.66,0.384,0.227,0.1,0.06,0.65,0.07,100.21751,9.87533
256,M2,2809.4509479403805,3499.4509479403805,32.0,*,w,20.24,16.06,0.544,0.437,0.13,0.12,2.5,0.4,100.43425,9.41734
331,M2,5699.4509479403805,3499.4509479403805,1.0,*,c,21.71,17.98,0.691,0.129,0.19,0.04,0.19,0.04,100.25811,9.83439
345,M2,3999.4509479403805,3499.4509479403805,8.0,*,w,21.37,17.02,0.214,0.083,0.05,0.02,0.9,0.5,100.18777,9.85768
352,M2,5399.4509479403805,3499.4509479403805,0.6,*,c,20.14,16.67,0.315,0.061,0.09,0.015,0.2,0.03,100.35676,9.73424
441,M2,3999.4509479403805,3499.4509479403805,14.0,*,c,21.81,17.73,0.557,0.248,0.14,0.07,0.69,0.16,100.24206,9.61483
444,M2,2299.4509479403805,3499.4509479403805,14.0,*,w,20.41,16.13,0.195,0.175,0.06,0.05,1.2,0.2,100.43566,9.70342
461,M2,2999.4509479403805,3499.4509479403805,24.0,*,w,20.3,16.23,0.281,0.205,0.08,0.07,2.7,1.1,100.479,9.50181
620,M2,2899.4509479403805,3499.4509479403805,26.0,*,w,20.67,16.44,0.375,0.294,0.1,0.11,2.0,0.5,100.33644,9.50333
656,M2,3899.4509479403805,3499.4509479403805,26.0,*,w,20.75,16.53,0.46,0.202,0.1,0.06,0.66,0.08,100.33557,9.79167
724,M2,2299.4509479403805,3499.4509479403805,22.0,*,w,20.43,16.22,0.361,0.322,0.12,0.11,2.3,0.4,100.21947,9.73917
727,M2,2899.4509479403805,3499.4509479403805,35.0,*,c,21.44,17.31,0.527,0.419,0.13,0.11,1.3,0.2,100.34848,9.78789
1000,M2,2799.4509479403805,3499.4509479403805,20.0,*,w,21.1,16.48,0.207,0.145,0.05,0.04,1.0,0.4,100.04868,9.76551
1060,M2,4499.4509479403805,3499.4509479403805,13.0,*,c,21.66,18.51,1.156,0.455,0.34,0.12,0.54,0.06,100.12844,10.00076
1131,M2,4469.4509479403805,3499.4509479403805,5.7,*,c,18.93,15.77,0.661,0.23,0.22,0.08,0.47,0.014,99.89337,9.91421
1142,M2,6399.4509479403805,3499.4509479403805,0.18,*,w,20.6,16.57,0.353,0.039,0.08,0.012,0.11,0.02,100.14361,9.58841
1174,M2,4549.4509479403805,3499.4509479403805,2.5,*,c,18.46,15.97,0.38,0.096,0.11,0.02,0.243,0.018,100.0571,9.94183
1223,M2,2949.4509479403805,3499.4509479403805,38.0,*,c,20.28,16.47,0.631,0.467,0.14,0.17,1.2,0.07,100.02502,9.82851
6950,M2,3699.4509479403805,3499.4509479403805,64.0,*,c,22.52,19.0,2.167,1.2,0.61,0.38,1.03,0.11,99.7792,9.85195
64,M1.5,5999.219898163854,3589.2198981638544,0.6,*,c,20.17,16.32,0.426,0.062,0.31,0.07,0.099,0.017,100.2946,9.9618
591,M1.5,3599.2198981638544,3589.2198981638544,24.0,*,w,20.16,15.86,0.17,0.094,0.05,0.03,1.0,0.2,100.28238,9.47042
926,M1.5,4799.219898163854,3589.2198981638544,3.2,*,c,20.11,16.75,0.507,0.156,0.15,0.04,0.38,0.03,100.27679,9.47746
1114,M1.5,5599.219898163854,3589.2198981638544,0.86,*,c,18.74,15.47,0.536,0.07,0.18,0.019,0.121,0.009,99.88914,9.86715
1187,M1.5,3199.2198981638544,3589.2198981638544,27.0,*,c,21.46,17.45,0.282,0.171,0.06,0.05,1.1,0.5,100.05909,9.57456
139,M1,3401.2896070844527,3681.2896070844527,19.0,*,w,20.75,16.57,0.173,0.102,0.04,0.03,1.2,0.6,100.22363,9.96669
149,M1,2701.2896070844527,3681.2896070844527,15.0,*,w,20.9,16.67,0.175,0.13,0.04,0.03,1.0,0.4,100.30545,9.86513
159,M1,3301.2896070844527,3681.2896070844527,27.0,*,w,20.31,16.12,0.236,0.163,0.05,0.04,0.97,0.15,100.21443,9.62069
216,M1,3601.2896070844527,3681.2896070844527,13.0,*,w,21.64,17.1,0.264,0.132,0.07,0.04,0.6,0.2,100.2654,9.47231
228,M1,4841.289607084453,3681.2896070844527,10.8,*,c,20.37,16.67,1.133,0.435,0.34,0.14,0.352,0.009,100.23438,9.65908
273,M1,5901.289607084453,3681.2896070844527,1.0,*,c,19.12,16.09,0.634,0.128,0.17,0.04,0.183,0.012,100.32656,9.66144
292,M1,6101.289607084453,3681.2896070844527,0.9,*,w,20.48,16.42,0.554,0.137,0.15,0.03,0.55,0.07,100.44757,9.70011
328,M1,6801.289607084453,3681.2896070844527,0.45,*,c,20.68,16.77,0.654,0.099,0.16,0.02,0.165,0.017,100.36248,9.50365
412,M1,4711.289607084453,3681.2896070844527,7.7,*,c,18.13,15.37,0.764,0.292,0.17,0.08,0.493,0.01,100.19629,9.54446
415,M1,3601.2896070844527,3681.2896070844527,23.0,*,w,20.76,16.46,0.204,0.117,0.05,0.04,1.2,0.4,100.18273,9.80848
433,M1,2791.2896070844527,3681.2896070844527,45.0,*,c,19.99,16.08,0.939,0.782,0.32,0.23,1.74,0.07,100.25465,9.58118
451,M1,5601.289607084453,3681.2896070844527,0.9,*,w,20.94,16.74,0.228,0.047,0.06,0.012,0.16,0.05,100.46449,9.73602
516,M1,2201.2896070844527,3681.2896070844527,8.2,*,w,19.61,15.34,0.116,0.098,0.03,0.03,1.01,0.14,100.19733,9.81373
536,M1,4301.289607084453,3681.2896070844527,4.0,*,w,19.66,15.39,0.124,0.047,0.03,0.014,0.47,0.07,100.21671,9.75134
548,M1,3101.2896070844527,3681.2896070844527,16.0,*,w,20.1,15.94,0.182,0.138,0.06,0.04,1.04,0.15,100.28567,9.71431
590,M1,6101.289607084453,3681.2896070844527,0.4,*,c,19.98,16.15,0.327,0.058,0.08,0.015,0.2,0.03,100.24549,9.48134
596,M1,1901.2896070844527,3681.2896070844527,18.0,*,w,20.84,16.64,0.282,0.277,0.08,0.09,2.5,1.1,100.44769,9.63129
598,M1,3991.2896070844527,3681.2896070844527,24.0,*,c,19.04,15.57,0.329,0.165,0.1,0.04,0.64,0.03,100.24716,9.77128
655,M1,5101.289607084453,3681.2896070844527,4.3,*,c,21.11,17.07,0.787,0.246,0.26,0.07,0.38,0.03,100.3464,9.62609
707,M1,2001.2896070844527,3681.2896070844527,23.0,*,w,21.2,16.98,0.376,0.369,0.12,0.1,1.6,0.3,100.34666,9.51012
749,M1,3161.2896070844527,3681.2896070844527,36.0,*,w,20.08,16.15,0.558,0.399,0.17,0.14,2.5,0.3,100.3089,9.44459
757,M1,3601.2896070844527,3681.2896070844527,33.0,*,w,21.27,17.09,0.353,0.206,0.09,0.06,1.5,0.8,100.21748,9.94536
989,M1,2901.2896070844527,3681.2896070844527,18.0,*,w,19.59,15.51,0.265,0.214,0.08,0.07,0.99,0.06,100.03549,9.73708
1076,M1,4201.289607084453,3681.2896070844527,27.0,*,c,21.34,17.07,0.645,0.311,0.16,0.08,0.61,0.06,100.15914,9.49793
1200,M1,2901.2896070844527,3681.2896070844527,12.0,*,w,19.82,15.59,0.116,0.09,0.03,0.03,1.1,0.3,100.05185,9.73974
1295,M1,5001.289607084453,3681.2896070844527,2.6,*,w,20.41,16.36,0.479,0.141,0.12,0.05,0.41,0.03,100.06583,9.35925
1313,M1,4101.289607084453,3681.2896070844527,15.0,*,w,19.06,15.16,0.36,0.173,0.08,0.06,0.55,0.02,100.15138,9.31599
1580,M1,4231.289607084453,3681.2896070844527,9.0,*,c,20.21,16.44,0.341,0.148,0.1,0.04,0.49,0.05,100.26189,10.11999
6037,M1,2801.2896070844527,3681.2896070844527,19.0,*,w,19.84,15.79,0.275,0.226,0.08,0.07,2.1,0.4,99.87232,9.72772
6079,M1,3001.2896070844527,3681.2896070844527,21.0,*,c,19.23,15.64,0.321,0.254,0.07,0.06,3.0,0.4,99.87132,9.7107
106,M0.5,4401.893295314408,3801.8932953144076,46.0,*,c,21.8,18.75,1.345,0.686,0.36,0.22,0.95,0.11,100.21969,9.47881
341,M0.5,4911.893295314408,3801.8932953144076,6.5,*,c,17.88,15.63,0.679,0.188,0.21,0.06,0.358,0.011,100.22609,9.82233
430,M0.5,3701.8932953144076,3801.8932953144076,24.0,*,w,19.48,15.23,0.173,0.099,0.04,0.03,1.18,0.18,100.23652,9.5042
546,M0.5,3601.8932953144076,3801.8932953144076,81.0,*,c,19.93,18.39,0.683,0.38,0.19,0.1,0.69,0.07,100.22546,9.87349
702,M0.5,3501.8932953144076,3801.8932953144076,66.0,*,c,19.9,18.16,0.765,0.444,0.21,0.13,0.86,0.05,100.19563,9.87794
717,M0.5,2811.8932953144076,3801.8932953144076,35.4,*,c,18.96,15.73,0.681,0.586,0.2,0.13,0.869,0.015,100.31298,9.44565
766,M0.5,4211.893295314408,3801.8932953144076,34.0,*,c,18.84,16.22,0.642,0.321,0.19,0.09,0.71,0.02,100.20157,9.81071
1101,M0.5,4001.8932953144076,3801.8932953144076,8.0,*,w,20.64,16.32,0.135,0.061,0.04,0.018,0.8,0.4,100.04533,9.6447
6991,M0.5,3601.8932953144076,3801.8932953144076,20.0,*,c,19.88,15.79,0.153,0.094,0.05,0.03,1.2,0.4,99.84169,10.10648
86,M0,3897.4181861198704,3917.4181861198704,7.0,*,w,20.08,15.82,0.096,0.049,0.02,0.014,0.9,0.3,100.19356,9.99622
121,M0,2197.4181861198704,3917.4181861198704,12.8,*,w,19.6,15.42,0.199,0.183,0.07,0.06,1.8,0.2,100.45424,9.68503
126,M0,4417.41818611987,3917.4181861198704,29.0,*,c,19.47,15.73,0.675,0.39,0.18,0.08,0.68,0.02,100.241,9.68894
136,M0,3387.4181861198704,3917.4181861198704,18.0,*,c,19.34,16.33,0.243,0.174,0.08,0.05,0.65,0.04,100.31665,9.43597
151,M0,3897.4181861198704,3917.4181861198704,16.0,*,w,21.73,17.53,0.279,0.143,0.06,0.04,1.0,0.4,100.32623,9.47585
255,M0,3507.4181861198704,3917.4181861198704,32.0,*,w,18.24,14.75,0.388,0.255,0.15,0.1,1.52,0.07,100.42804,9.71574
283,M0,3997.4181861198704,3917.4181861198704,21.0,*,w,18.05,14.44,0.136,0.073,0.04,0.03,0.96,0.09,100.27984,9.46334
307,M0,4197.41818611987,3917.4181861198704,22.0,*,w,18.67,14.91,0.204,0.106,0.05,0.03,1.0,0.09,100.3247,9.56029
420,M0,4797.41818611987,3917.4181861198704,4.0,*,w,20.33,16.08,0.243,0.087,0.05,0.03,0.64,0.15,100.2258,9.93111
510,M0,5137.41818611987,3917.4181861198704,7.2,*,c,17.57,15.25,0.768,0.281,0.22,0.1,0.6,0.012,100.26786,9.4145
550,M0,5097.41818611987,3917.4181861198704,6.0,*,w,19.93,15.88,0.29,0.096,0.09,0.03,0.3,0.02,100.18094,9.47806
636,M0,4397.41818611987,3917.4181861198704,59.0,*,c,21.14,16.7,1.571,0.823,0.42,0.24,0.64,0.03,100.20351,9.7238
688,M0,2997.4181861198704,3917.4181861198704,11.0,*,w,19.91,15.57,0.094,0.068,0.03,0.019,1.2,0.5,100.27124,9.81333
736,M0,6297.41818611987,3917.4181861198704,4.4,*,c,21.74,18.47,1.421,0.415,0.39,0.12,0.36,0.03,100.27874,9.49002
754,M0,4097.41818611987,3917.4181861198704,36.0,*,c,20.38,16.29,0.412,0.21,0.12,0.08,1.08,0.15,100.22093,9.8832
770,M0,3197.4181861198704,3917.4181861198704,22.0,*,w,20.69,16.46,0.227,0.158,0.05,0.05,1.6,0.6,100.31033,9.62065
777,M0,3497.4181861198704,3917.4181861198704,16.0,*,w,21.27,17.03,0.197,0.116,0.05,0.03,1.2,0.6,100.26329,9.43417
928,M0,4497.41818611987,3917.4181861198704,11.0,*,c,19.18,15.67,0.3,0.124,0.09,0.03,0.41,0.02,100.35676,9.57862
1002,M0,3397.4181861198704,3917.4181861198704,12.0,*,w,18.6,14.27,0.126,0.093,0.03,0.02,1.31,0.16,100.1094,9.63374
1012,M0,4197.41818611987,3917.4181861198704,15.0,*,w,20.14,16.06,0.156,0.078,0.04,0.02,0.64,0.12,100.13884,9.98139
1015,M0,3897.4181861198704,3917.4181861198704,12.0,*,w,19.18,15.23,0.094,0.052,0.02,0.013,0.9,0.2,99.91381,9.93322
1061,M0,5117.41818611987,3917.4181861198704,8.4,*,c,18.79,16.34,0.83,0.384,0.28,0.1,0.556,0.012,100.10066,9.57013
1158,M0,3897.4181861198704,3917.4181861198704,18.0,*,w,18.68,15.02,0.113,0.056,0.02,0.017,0.99,0.17,99.85939,9.68632
1189,M0,3397.4181861198704,3917.4181861198704,25.0,*,w,20.01,15.85,0.287,0.201,0.08,0.06,1.6,0.2,100.16258,9.6
1218,M0,4097.41818611987,3917.4181861198704,22.0,*,w,19.69,15.49,0.183,0.096,0.05,0.03,1.2,0.2,100.1191,9.59657
1236,M0,1897.4181861198704,3917.4181861198704,5.7,*,w,19.32,15.01,0.082,0.072,0.02,0.019,1.2,0.3,100.09257,9.908
1308,M0,3397.4181861198704,3917.4181861198704,65.0,*,c,19.09,15.64,1.329,0.8,0.38,0.2,1.079,0.017,99.99685,9.4568
1573,M0,6197.41818611987,3917.4181861198704,1.0,*,c,18.27,15.2,0.49,0.105,0.15,0.03,0.262,0.011,100.05242,10.09461
6930,M0,4647.41818611987,3917.4181861198704,35.0,*,c,19.5,15.96,1.161,0.578,0.3,0.15,0.694,0.013,99.76703,9.27055
349,K7:M0,2902.780795054978,3962.780795054978,46.5,*,c,19.98,16.04,1.061,0.869,0.35,0.26,0.97,0.02,100.20475,9.62677
1172,K7:M0,3202.780795054978,3962.780795054978,14.0,*,w,18.54,14.73,0.116,0.081,0.03,0.02,1.8,0.3,100.02659,9.65933
1227,K7:M0,2702.780795054978,3962.780795054978,23.0,*,w,20.72,16.47,0.353,0.297,0.11,0.11,1.6,0.3,100.02488,9.59254
7,K7,7899.447480046071,3999.447480046071,0.88,*,c,17.22,14.49,1.104,0.207,0.34,0.05,0.174,0.004,100.47109,9.96755
11,K7,5049.447480046071,3999.447480046071,15.6,*,c,16.8,15.09,1.008,0.429,0.34,0.14,0.642,0.008,100.32187,9.909
20,K7,3399.447480046071,3999.447480046071,16.0,*,w,20.02,15.94,0.153,0.109,0.04,0.03,1.2,0.3,100.53849,9.73427
29,K7,3209.447480046071,3999.447480046071,19.0,*,w,19.31,15.39,0.302,0.236,0.1,0.08,2.9,0.4,100.26367,9.96528
135,K7,3999.447480046071,3999.447480046071,21.0,*,w,19.36,15.4,0.145,0.082,0.04,0.02,1.1,0.2,100.24999,9.48057
145,K7,3299.447480046071,3999.447480046071,11.0,*,w,20.39,16.07,0.105,0.067,0.03,0.018,0.9,0.5,100.34775,9.76628
286,K7,4799.447480046071,3999.447480046071,40.0,*,c,21.01,18.31,1.439,0.719,0.42,0.19,0.72,0.04,100.24861,9.81797
346,K7,6499.447480046071,3999.447480046071,9.7,*,c,18.65,15.49,2.192,0.815,0.6,0.22,0.6,0.005,100.28789,9.50255
407,K7,3499.447480046071,3999.447480046071,13.0,*,w,19.7,15.67,0.109,0.073,0.03,0.019,1.1,0.4,100.3418,9.85352
486,K7,4299.447480046071,3999.447480046071,9.0,*,w,18.61,14.63,0.072,0.037,0.018,0.01,0.9,0.3,100.26682,9.81911
502,K7,3799.447480046071,3999.447480046071,10.0,*,w,20.57,16.03,0.117,0.062,0.03,0.019,0.7,0.4,100.24071,9.514
515,K7,3799.447480046071,3999.447480046071,26.0,*,w,22.19,15.94,0.229,0.138,0.06,0.05,0.7,0.3,100.40098,9.65568
545,K7,4599.447480046071,3999.447480046071,8.0,*,w,19.31,15.2,0.17,0.072,0.04,0.02,0.51,0.06,100.27422,9.87996
574,K7,3459.447480046071,3999.447480046071,29.0,*,w,18.9,15.09,0.404,0.278,0.11,0.08,2.16,0.16,100.21193,9.93141
805,K7,3499.447480046071,3999.447480046071,6.0,*,w,18.73,15.09,0.051,0.032,0.014,0.009,1.0,0.4,100.43725,9.74454
886,K7,2969.447480046071,3999.447480046071,30.2,*,w,19.78,15.57,0.56,0.47,0.19,0.16,4.1,0.7,100.18767,9.76161
901,K7,4799.447480046071,3999.447480046071,4.1,*,w,18.14,14.48,0.221,0.091,0.06,0.03,0.59,0.03,100.18062,9.84986
904,K7,4199.447480046071,3999.447480046071,67.0,*,c,20.51,16.35,1.279,0.716,0.31,0.2,1.21,0.05,100.17822,9.55975
937,K7,5499.447480046071,3999.447480046071,4.1,*,c,19.8,15.59,0.678,0.213,0.14,0.06,0.439,0.019,100.21896,9.86834
1023,K7,3999.447480046071,3999.447480046071,24.0,*,w,18.17,14.52,0.139,0.081,0.04,0.02,1.27,0.16,100.04292,9.64865
1029,K7,3699.447480046071,3999.447480046071,30.0,*,w,19.87,15.92,0.269,0.171,0.08,0.06,1.4,0.2,99.99938,9.56157
1039,K7,4199.447480046071,3999.447480046071,9.0,*,w,19.7,15.79,0.102,0.048,0.03,0.013,0.7,0.3,100.15609,9.92257
1171,K7,3999.447480046071,3999.447480046071,34.0,*,w,19.22,15.46,0.29,0.162,0.07,0.06,0.55,0.03,99.89161,9.82245
1290,K7,3099.447480046071,3999.447480046071,8.0,*,w,18.51,14.93,0.091,0.069,0.03,0.02,1.6,0.4,99.87659,9.56039
1296,K7,4889.447480046071,3999.447480046071,11.6,*,c,18.93,15.4,0.67,0.279,0.19,0.07,0.4,0.009,99.7656,9.67315
1579,K7,3499.447480046071,3999.447480046071,16.0,*,w,18.68,14.68,0.16,0.109,0.04,0.04,2.3,0.4,100.14632,10.07271
7018,K7,3199.447480046071,3999.447480046071,35.0,*,c,21.55,18.28,0.498,0.363,0.15,0.12,0.78,0.11,99.97253,10.10931
469,K7:,3299.447480046071,3999.447480046071,60.0,*,c,17.24,15.79,1.454,0.852,0.38,0.24,1.372,0.016,100.17139,9.56608
104,K6,3797.5889365897037,4197.588936589704,27.0,*,w,18.22,14.61,0.281,0.174,0.09,0.05,1.35,0.08,100.2674,9.86722
113,K6,3207.5889365897037,4197.588936589704,37.1,*,c,19.16,17.47,0.741,0.56,0.21,0.17,2.08,0.16,100.25117,9.47614
119,K6,6897.588936589704,4197.588936589704,2.5,*,c,18.0,14.56,0.984,0.239,0.3,0.07,0.286,0.005,100.33754,9.56005
122,K6,3897.5889365897037,4197.588936589704,21.0,*,w,19.14,15.29,0.154,0.093,0.05,0.03,1.3,0.2,100.44631,9.63464
223,K6,3457.5889365897037,4197.588936589704,21.0,*,w,18.86,15.02,0.324,0.221,0.09,0.06,1.02,0.05,100.23094,9.62326
413,K6,4497.588936589704,4197.588936589704,21.0,*,w,19.25,15.43,0.209,0.104,0.06,0.04,0.82,0.08,100.44351,9.71856
445,K6,4797.588936589704,4197.588936589704,4.0,*,w,19.02,15.25,0.056,0.023,0.012,0.006,0.7,0.4,100.51067,9.61458
450,K6,3597.5889365897037,4197.588936589704,11.0,*,w,19.19,15.13,0.077,0.049,0.02,0.017,1.4,0.5,100.49183,9.71838
559,K6,3397.5889365897037,4197.588936589704,11.0,*,w,18.77,14.98,0.128,0.093,0.04,0.03,2.2,0.6,100.35106,9.53171
578,K6,3717.5889365897037,4197.588936589704,23.0,*,c,18.37,14.81,0.27,0.182,0.09,0.07,1.86,0.16,100.45846,9.4923
695,K6,4397.588936589704,4197.588936589704,16.0,*,w,17.83,14.4,0.114,0.057,0.04,0.019,0.81,0.09,100.38539,9.63538
755,K6,3797.5889365897037,4197.588936589704,33.0,*,w,20.18,16.06,0.35,0.211,0.1,0.07,1.14,0.12,100.19564,9.81335
932,K6,3537.5889365897037,4197.588936589704,16.0,*,w,18.27,14.45,0.22,0.143,0.08,0.05,1.25,0.08,100.18688,9.96229
964,K6,5497.588936589704,4197.588936589704,4.0,*,c,18.92,15.4,0.281,0.101,0.07,0.03,0.67,0.05,100.27965,9.21064
1100,K6,5097.588936589704,4197.588936589704,12.0,*,c,20.32,16.56,0.566,0.234,0.17,0.08,0.43,0.02,100.1639,9.57933
1115,K6,4097.588936589704,4197.588936589704,16.0,*,w,19.74,16.12,0.136,0.075,0.03,0.016,1.2,0.4,100.00896,9.75398
1133,K6,4397.588936589704,4197.588936589704,24.0,*,w,18.85,15.18,0.205,0.102,0.06,0.03,0.73,0.06,99.99823,9.94009
1157,K6,4797.588936589704,4197.588936589704,13.0,*,c,19.22,15.46,0.142,0.061,0.04,0.017,0.67,0.12,100.08369,9.4746
1203,K6,3207.5889365897037,4197.588936589704,20.2,*,c,18.19,15.03,0.34,0.266,0.1,0.07,0.626,0.014,99.91414,9.75596
1279,K6,3697.5889365897037,4197.588936589704,15.0,*,w,18.49,14.74,0.166,0.113,0.06,0.04,1.9,0.2,100.13017,9.51863
17,K5,4000.415015446425,4395.415015446425,25.0,*,c,18.41,14.94,0.216,0.13,0.06,0.04,1.52,0.15,100.3833,10.0068
33,K5,4040.415015446425,4395.415015446425,39.0,*,w,18.59,14.9,0.39,0.224,0.13,0.07,0.79,0.03,100.28026,9.97533
56,K5,3600.415015446425,4395.415015446425,11.0,*,c,18.74,14.98,0.131,0.095,0.04,0.03,1.1,0.14,100.47149,9.8465
198,K5,3660.415015446425,4395.415015446425,20.7,*,w,17.77,14.05,0.312,0.207,0.09,0.07,1.51,0.07,100.3318,9.529
226,K5,4200.415015446425,4395.415015446425,21.0,*,w,18.23,14.8,0.142,0.079,0.04,0.018,0.69,0.05,100.27234,9.55375
263,K5,4000.415015446425,4395.415015446425,16.0,*,w,18.48,14.88,0.108,0.075,0.03,0.017,1.7,0.5,100.26077,9.58697
351,K5,4400.415015446425,4395.415015446425,13.0,*,w,18.77,15.41,0.101,0.049,0.03,0.013,0.9,0.2,100.34503,9.49415
357,K5,8600.415015446426,4395.415015446425,0.31,*,c,18.7,14.84,0.342,0.053,0.09,0.016,0.149,0.012,100.27396,9.51703
370,K5,4800.415015446425,4395.415015446425,21.0,*,c,17.26,14.35,0.31,0.138,0.08,0.05,0.64,0.02,100.23666,9.6303
425,K5,3940.415015446425,4395.415015446425,31.0,*,c,18.31,14.39,0.378,0.228,0.1,0.06,1.28,0.06,100.31952,9.49786
477,K5,3740.415015446425,4395.415015446425,23.8,*,w,16.99,13.5,0.346,0.229,0.08,0.06,1.87,0.07,100.31564,9.43801
604,K5,3620.415015446425,4395.415015446425,34.0,*,w,18.2,14.63,0.596,0.401,0.18,0.13,1.75,0.06,100.27124,9.86237
606,K5,2100.415015446425,4395.415015446425,11.4,*,w,18.73,14.89,0.192,0.175,0.05,0.04,2.5,0.3,100.31027,9.55596
621,K5,5130.415015446425,4395.415015446425,11.0,*,w,18.71,15.02,0.363,0.152,0.1,0.04,0.62,0.03,100.30343,9.87873
622,K5,3600.415015446425,4395.415015446425,12.0,*,w,19.62,14.89,0.113,0.076,0.03,0.02,1.1,0.2,100.34081,9.7586
627,K5,3200.415015446425,4395.415015446425,45.0,*,c,20.76,17.9,1.035,0.747,0.33,0.23,1.27,0.08,100.24812,9.65176
676,K5,3750.415015446425,4395.415015446425,45.0,*,c,18.07,14.25,0.786,0.48,0.2,13.0,1.32,0.03,100.44917,9.56935
680,K5,3350.415015446425,4395.415015446425,26.0,*,w,20.04,15.85,0.472,0.345,0.11,0.09,2.7,0.4,100.30556,9.46873
719,K5,3900.415015446425,4395.415015446425,9.0,*,w,17.77,14.25,0.061,0.039,0.019,0.011,1.1,0.2,100.26849,9.85725
784,K5,3600.415015446425,4395.415015446425,10.0,*,w,17.5,14.11,0.134,0.096,0.04,0.03,1.73,0.18,100.2559,9.56895
810,K5,3780.415015446425,4395.415015446425,18.0,*,c,17.81,14.01,0.231,0.155,0.07,0.05,0.85,0.03,100.29096,9.4534
873,K5,3100.415015446425,4395.415015446425,12.9,*,c,17.57,13.87,0.216,0.166,0.05,0.04,2.23,0.16,100.30503,9.43621
881,K5,3900.415015446425,4395.415015446425,12.0,*,w,18.19,14.78,0.104,0.067,0.03,0.02,1.4,0.2,100.28717,9.68744
936,K5,7200.415015446425,4395.415015446425,2.8,*,c,18.1,15.2,0.97,0.254,0.3,0.08,0.352,0.007,100.27983,9.45817
967,K5,3700.415015446425,4395.415015446425,11.0,*,w,18.77,14.95,0.13,0.091,0.04,0.03,1.7,0.3,100.30676,9.2315
1102,K5,4200.415015446425,4395.415015446425,6.0,*,w,18.23,13.94,0.047,0.025,0.013,0.007,0.9,0.4,100.05041,9.82509
1135,K5,6600.415015446425,4395.415015446425,28.0,*,c,22.57,18.63,2.318,1.008,0.58,0.3,0.74,0.08,100.07768,10.00692
1144,K5,5500.415015446425,4395.415015446425,49.0,*,c,18.28,15.8,2.008,1.026,0.55,0.35,1.028,0.009,100.09619,9.46178
1204,K5,2400.415015446425,4395.415015446425,6.7,*,w,18.61,14.96,0.103,0.089,0.03,0.02,0.69,0.06,99.95665,9.55616
1250,K5,3300.415015446425,4395.415015446425,10.0,*,w,20.12,16.46,0.106,0.072,0.03,0.02,1.1,0.4,100.08609,9.57622
1583,K5,5000.415015446425,4395.415015446425,55.0,*,c,19.01,16.19,1.441,0.746,0.34,0.2,0.846,0.012,100.45344,10.11747
6491,K5,4900.415015446425,4395.415015446425,58.0,*,c,19.99,16.79,1.502,0.778,0.52,0.19,0.605,0.01,99.85625,9.5276
50,K4,3801.4190079911077,4581.419007991108,14.0,*,w,18.6,15.0,0.192,0.131,0.07,0.05,0.77,0.04,100.25644,10.01014
75,K4,5801.419007991108,4581.419007991108,3.2,*,w,16.8,13.78,0.218,0.076,0.05,0.018,0.41,0.03,100.2983,10.03989
185,K4,8001.419007991108,4581.419007991108,0.76,*,c,17.03,14.53,0.406,0.083,0.1,0.02,0.248,0.012,100.41153,9.53663
200,K4,3201.4190079911077,4581.419007991108,8.0,*,w,18.82,15.14,0.111,0.09,0.03,0.02,1.6,0.3,100.2834,9.51121
280,K4,8201.419007991108,4581.419007991108,1.4,*,c,19.74,15.87,0.747,0.163,0.19,0.04,0.208,0.009,100.17087,9.46511
335,K4,3701.4190079911077,4581.419007991108,11.0,*,c,18.19,14.81,0.14,0.099,0.04,0.04,1.38,0.15,100.40539,9.75184
372,K4,4401.419007991108,4581.419007991108,29.0,*,w,19.61,14.41,0.174,0.096,0.06,0.03,1.2,0.19,100.3356,9.75988
389,K4,4201.419007991108,4581.419007991108,6.0,*,w,19.48,15.48,0.063,0.034,0.018,0.01,0.7,0.2,100.20315,9.54514
427,K4,4001.4190079911077,4581.419007991108,18.0,*,w,18.25,14.89,0.2,0.125,0.06,0.04,1.45,0.13,100.17683,9.53907
456,K4,4401.419007991108,4581.419007991108,46.0,*,c,17.21,14.05,0.325,0.166,0.11,0.05,0.575,0.014,100.21476,9.7234
524,K4,3701.4190079911077,4581.419007991108,10.0,*,w,17.6,14.26,0.131,0.078,0.03,0.02,1.19,0.13,100.26806,9.80614
558,K4,6561.419007991108,4581.419007991108,2.0,*,c,16.07,13.41,0.352,0.099,0.09,0.02,0.294,0.01,100.4156,9.67443
660,K4,5901.419007991108,4581.419007991108,49.0,*,c,18.44,14.62,2.172,1.346,0.59,0.35,1.637,0.016,100.25213,9.48777
722,K4,3901.4190079911077,4581.419007991108,17.0,*,w,19.23,15.38,0.185,0.122,0.06,0.04,1.9,0.4,100.26559,9.46106
771,K4,6101.419007991108,4581.419007991108,4.7,*,c,17.69,14.4,0.487,0.163,0.15,0.04,0.362,0.009,100.32615,9.56489
808,K4,11401.419007991108,4581.419007991108,0.55,*,c,18.68,15.33,1.265,0.26,0.39,0.06,0.177,0.005,100.21495,9.47903
824,K4,4251.419007991108,4581.419007991108,43.0,*,c,17.29,14.15,0.394,0.217,0.11,0.06,0.77,0.02,100.25768,9.64477
877,K4,6601.419007991108,4581.419007991108,3.1,*,c,17.2,14.49,0.521,0.156,0.14,0.04,0.367,0.01,100.31994,9.45839
945,K4,6001.419007991108,4581.419007991108,7.8,*,c,16.93,14.9,0.645,0.227,0.14,0.07,0.652,0.014,100.20788,9.61375
954,K4,3501.4190079911077,4581.419007991108,13.6,*,w,18.75,14.94,0.213,0.159,0.07,0.06,1.8,0.19,100.28063,9.43195
1031,K4,5601.419007991108,4581.419007991108,4.9,*,c,17.75,14.31,0.238,0.09,0.07,0.03,0.48,0.02,100.16687,9.58416
1140,K4,3271.4190079911077,4581.419007991108,37.0,*,c,19.21,14.64,0.806,0.605,0.3,0.22,1.42,0.03,99.92278,9.77213
1275,K4,4301.419007991108,4581.419007991108,25.0,*,c,18.26,14.32,0.181,0.106,0.05,0.03,1.27,0.12,100.11983,9.51653
21771,K4,3501.4190079911077,4581.419007991108,18.0,*,c,19.67,17.05,0.244,0.175,0.07,0.05,0.42,0.03,100.51792,9.57561
250,K3,4200.291646018162,4775.291646018162,54.0,*,c,18.16,14.91,0.887,0.504,0.21,0.16,1.35,0.03,100.25209,9.75087
406,K3,6400.291646018162,4775.291646018162,13.0,*,c,17.19,15.16,0.954,0.376,0.23,0.09,0.634,0.01,100.24867,9.47883
491,K3,3160.2916460181623,4775.291646018162,49.5,*,c,20.1,15.76,1.34,0.978,0.38,0.27,2.15,0.08,100.23402,9.6086
498,K3,6400.291646018162,4775.291646018162,10.7,*,c,16.81,13.74,0.814,0.312,0.2,0.06,0.76,0.012,100.19792,9.82472
567,K3,5700.291646018162,4775.291646018162,26.0,*,c,19.62,16.15,0.932,0.343,0.24,0.1,0.535,0.017,100.23499,9.59815
667,K3,5900.291646018162,4775.291646018162,24.0,*,c,17.66,13.6,0.945,0.426,0.21,0.13,1.094,0.018,100.36991,9.64415
296,K2,6604.501146470968,4954.501146470968,37.0,*,c,18.0,14.51,1.826,0.892,0.48,0.25,0.921,0.007,100.2108,9.91593
297,K2,3874.501146470968,4954.501146470968,56.0,*,c,17.82,14.4,1.437,0.876,0.31,0.19,1.428,0.016,100.18817,9.47903
330,K2,3904.501146470968,4954.501146470968,12.0,*,w,17.81,14.41,0.175,0.122,0.06,0.04,1.55,0.12,100.3817,9.80912
379,K2,7204.501146470968,4954.501146470968,18.8,*,c,16.81,13.99,1.563,0.777,0.56,0.27,0.934,0.007,100.27068,9.84612
948,K2,3903.501146470968,4954.501146470968,9.1,*,w,16.98,13.92,0.13,0.092,0.03,0.02,2.1,0.2,100.36314,9.58505
577,K1,7105.049349558889,5105.049349558889,2.0,*,c,16.55,13.71,0.231,0.074,0.07,0.02,0.43,0.02,100.43259,9.68056
765,K1,5505.049349558889,5105.049349558889,12.0,*,c,17.2,14.2,0.087,0.042,0.03,0.013,0.76,0.1,100.22349,9.55688
894,K1,2405.049349558889,5105.049349558889,4.7,*,w,18.45,13.6,0.072,0.061,0.02,0.016,1.9,0.5,100.31425,9.77769
1037,K1,3805.049349558889,5105.049349558889,60.0,*,c,18.71,14.9,1.795,1.041,0.54,0.34,1.149,0.011,100.12857,9.57794
1307,K0,5096.005584627322,5236.005584627322,9.0,*,w,16.78,14.09,0.058,0.033,0.014,0.008,0.77,0.17,99.84561,9.60468
241,G8,5100.0272936608935,5445.0272936608935,36.0,*,w,14.6,12.41,0.265,0.145,0.08,0.05,1.14,0.04,100.34599,9.45742
848,G8,4700.0272936608935,5445.0272936608935,6.0,*,w,15.45,13.15,0.041,0.025,0.014,0.007,0.9,0.2,100.35305,9.43983
1024,G8,3100.0272936608935,5445.0272936608935,3.0,*,w,16.97,13.18,0.027,0.022,0.008,0.007,2.3,1.1,100.09639,9.93881
87,G5,4002.3931639336333,5662.393163933633,2.0,*,w,16.08,13.89,0.016,0.012,0.005,0.003,1.2,0.8,100.27745,9.59587
169,G5,5502.393163933633,5662.393163933633,21.0,*,w,15.27,12.95,0.11,0.059,0.03,0.018,1.26,0.13,100.45027,9.71203
177,G5,5402.393163933633,5662.393163933633,24.0,*,c,15.51,13.08,0.135,0.074,0.05,0.03,1.1,0.09,100.27583,9.60638
560,G5,5402.393163933633,5662.393163933633,8.0,*,w,14.65,12.87,0.053,0.029,0.011,0.008,0.91,0.17,100.31549,9.63842
819,G5,4602.393163933633,5662.393163933633,7.0,*,w,15.01,12.77,0.057,0.038,0.016,0.01,1.05,0.19,100.3716,9.65998
1248,G5,5002.393163933633,5662.393163933633,33.0,*,w,16.22,13.63,0.344,0.197,0.09,0.05,1.09,0.04,99.94468,9.6817
629,G2,4997.663544706073,5767.663544706073,3.0,*,w,16.27,13.58,0.028,0.018,0.007,0.005,1.1,0.5,100.27495,9.59758
1099,G1,4884.4514783443055,5834.4514783443055,11.0,*,c,15.79,13.38,0.099,0.064,0.03,0.02,0.89,0.07,100.17233,9.90383
1256,G0,7102.009557527709,5902.009557527709,5.0,*,w,15.1,12.98,0.043,0.018,0.009,0.005,0.58,0.13,99.92322,9.57792
728,F2,6198.845711702543,6698.845711702543,10.0,*,w,15.46,13.2,0.055,0.033,0.017,0.01,1.2,0.2,100.2824,9.73416
35,F0,6000.721315295297,7030.721315295297,3.0,*,w,15.65,13.08,0.024,0.016,0.006,0.004,0.62,0.16,100.44895,9.86731
